中国石油化工股份有限公司,91110000710926094P,https://www.qichacha.com/firm_ab603b8e94724170604c95f2bd3bcc9d.html
中国石油天然气股份有限公司,91110000710925462X,https://www.qichacha.com/firm_a4fdd816fd23d9bc50b96a70c7fbba49.html
中国建筑股份有限公司,911100007109351850,https://www.qichacha.com/firm_9f82d2f5265cdb6ea388a5f2559648a4.html
上海汽车集团股份有限公司,91310000132260250X,https://www.qichacha.com/firm_36b18225f91d3e3f1069f50f8e3f97d7.html
中国平安保险（集团）股份有限公司,91440300100012316L,https://www.qichacha.com/firm_26020376e7c89b0f25fe591b9f3f6505.html
中国移动有限公司,91110000717851160R,https://www.qichacha.com/firm_7f535c4b743d5daa49e32566d29d9f32.html
中国工商银行股份有限公司,,https://www.qichacha.com/firm_4c6b399f74bda79c664aadfb380ff9a5.html
中国中铁股份有限公司,91110000710935003U,https://www.qichacha.com/firm_1e802298ff6844b2540d2fabefa87884.html
中国铁建股份有限公司,91110000710935150D,https://www.qichacha.com/firm_96e729177ef5fcc4dd92d72cd3babda8.html
中国建设银行股份有限公司,911100001000044477,https://www.qichacha.com/firm_ff42008c034f6037bfe3141e8796f7fe.html
中国人寿保险股份有限公司,9110000071092841XX,https://www.qichacha.com/firm_11eddf8966bbd38f36e3357161c14182.html
中国农业银行股份有限公司,911100001000054748,https://www.qichacha.com/firm_5856693dac52fb12db3067fbab664291.html
中国银行股份有限公司,911000001000013428,https://www.qichacha.com/firm_837e8c3db3440424d29a579e27bd4b95.html
中国人民保险集团股份有限公司,911000001000237368,https://www.qichacha.com/firm_257862d260ae755598423b74a3972afd.html
中国交通建设股份有限公司,91110000710934369E,https://www.qichacha.com/firm_0facecc1350c14c8553727df67f719ff.html
中国电信股份有限公司,9111000071093019X7,https://www.qichacha.com/firm_2715b5040b3da679fda13da10c6a695b.html
中国中信股份有限公司,,
联想控股股份有限公司,911100001011122986,https://www.qichacha.com/firm_7e72cec9b890ce70688482c06ebd7618.html
中国联合网络通信股份有限公司,91310000710929383P,https://www.qichacha.com/firm_1c6cab8b527679a07553f8ab17e84192.html
中国太平洋保险（集团）股份有限公司,91310000132211707B,https://www.qichacha.com/firm_0d29a6ba07014227d30d4b555e49b9d1.html
京东商城电子商务有限公司,,
北京京东世纪贸易有限公司,911103026605015136,https://www.qichacha.com/firm_b40ecf6c3e7e4e0414c501f6ce53dd37.html
国药控股股份有限公司,91310000746184344P,https://www.qichacha.com/firm_0604fbd802d077219bc569df2934eca9.html
绿地控股集团股份有限公司,913100006311370032,https://www.qichacha.com/firm_9c14f41ef15e47943cd64c346527e07a.html
万科企业股份有限公司,91440300192181490G,https://www.qichacha.com/firm_6bc7e7ccdb755391651316a0227c059b.html
中国电力建设股份有限公司,91110000717825966F,https://www.qichacha.com/firm_385b334d3a7568ccade968fbbd639005.html
中国中车股份有限公司 ,911100007109352226,https://www.qichacha.com/firm_8209f48bddfd6487586df0bbe6a162f6.html
中国能源建设股份有限公司,911100007178398156,https://www.qichacha.com/firm_5c7e925637a17d8da00e3c60ecf71655.html
中国冶金科工股份有限公司,91110000710935716X,https://www.qichacha.com/firm_4f66201c13343975f330c468a7cd0295.html
恒大集团有限公司,91440300087909371X,https://www.qichacha.com/firm_1090f61cde46ca4a896931146e4c98c4.html
广州恒大淘宝足球俱乐部股份有限公司,91440101783794467C,https://www.qichacha.com/firm_bbfbb98d148d51fcfa06822cf3ff3fa5.html
招商银行股份有限公司,9144030010001686XA,https://www.qichacha.com/firm_1990aed8096105169d5d36193eab4e79.html
物产中大集团股份有限公司 ,913300001429101221,https://www.qichacha.com/firm_58fba63517ba1b515628e39bdb99b01c.html
江西铜业股份有限公司,91360000625912173B,https://www.qichacha.com/firm_70035832363c68be5c6a58be09b838c2.html
交通银行股份有限公司,9131000010000595XD,https://www.qichacha.com/firm_f12b4de15fd463f93e215381e872e786.html
中国邮政储蓄银行股份有限公司,9111000071093465XC,https://www.qichacha.com/firm_cf08bcdc4aee73dcaed5dd8567d44f5e.html
宝山钢铁股份有限公司,91310000631696382C,https://www.qichacha.com/firm_2ccfb9fec4e8a4eaadc9d08add471986.html
中国神华能源股份有限公司,,https://www.qichacha.com/firm_f4a67512893a5ef4ad470ed088f2467e.html
上海浦东发展银行股份有限公司,9131000013221158XC,https://www.qichacha.com/firm_4cf7d875bcf9f47f2e0f06db8254570a.html
美的集团股份有限公司,91440606722473344C,https://www.qichacha.com/firm_eac35f7cb2922037a2f7e0525d8cf0cb.html
兴业银行股份有限公司,91350000158142711F,https://www.qichacha.com/firm_5cbc74320dd4c000e587597f49c474f9.html
中国民生银行股份有限公司,91110000100018988F,https://www.qichacha.com/firm_57a20e6caad1f25b6f85fd58dfe3affb.html
保利房地产（集团）股份有限公司,91440101741884392G,https://www.qichacha.com/firm_b85175f159f8be58a55ea670e7c4efaf.html
碧桂园控股有限公司,,
腾讯控股有限公司,,
腾讯科技（深圳）有限公司,9144030071526726XG,https://www.qichacha.com/firm_181e23a3c35a6fc18450f03cc13bb03b.html
苏宁云商集团股份有限公司,91320000608950987L,https://www.qichacha.com/firm_aafb85c76d8bac7e58821063d3ca2f5c.html
中国海洋石油有限公司,,
新华人寿保险股份有限公司,911100001000238753,https://www.qichacha.com/firm_6122a1ac1530f094633c8e16ccbaf1d1.html
厦门建发股份有限公司,91350200260130346B,https://www.qichacha.com/firm_f4ecb274bd2c91d63d14208081132af0.html
中国铝业股份有限公司,911100007109288314,http://www.qichacha.com/firm_1d3fd7dab351310cfef9cc6ccb6ac5cb.html
阿里巴巴集团控股有限公司,,
阿里巴巴（中国）有限公司,91330100799655058B,https://www.qichacha.com/firm_8c9f7ddc1a7bcee3d1f7676773fe9404.html
阿里巴巴（中国）网络技术有限公司,91330100716105852F,https://www.qichacha.com/firm_c70a55cb048c8e4db7bca357a2c113e0.html
万洲国际有限公司,,
中国太平保险控股有限公司,,
中国太平保险集团有限责任公司,911100007109284282,https://www.qichacha.com/firm_e09d2cea3f110eb78bf0c659beb241f2.html
广汇汽车服务股份公司,912102003411090040,https://www.qichacha.com/firm_0c3e2ae4b65511e4651295f97cc3feed.html
华润医药集团有限公司,,
华润医药商业集团有限公司,911100007226178547,https://www.qichacha.com/firm_ade56fe440a953d7b2b4c417be323442.html
上海建工集团股份有限公司,91310000631189305E,https://www.qichacha.com/firm_f81f50467a5b7f743b8d74e7756d2439.html
东风汽车集团股份有限公司,914200007581510645,https://www.qichacha.com/firm_032f7fd340d160acbf7f4f22fc22cd6a.html
上海医药集团股份有限公司,9131000013358488X7,https://www.qichacha.com/firm_e434b35dd6c22f0d8ba51da8e2572923.html
厦门象屿股份有限公司,91350200260131285X,https://www.qichacha.com/firm_1e66e2312a04fbf0abc9f25d0acfecb0.html
青岛海尔股份有限公司,91370200264574251E,https://www.qichacha.com/firm_811db4809c44214dbece8e32bb31dd08.html
北京汽车股份有限公司,91110000562091696T,https://www.qichacha.com/firm_efd3a5017be710f96dfd6e0d6a9c5b37.html
中国南方航空股份有限公司,91440000100017600N,https://www.qichacha.com/firm_427973d3806349d5675c3317ab6618e3.html
中国国际航空股份有限公司,911100007178710060,https://www.qichacha.com/firm_e52abcff0dc4506b5d02a3bba0652c16.html
华能国际电力股份有限公司,,https://www.qichacha.com/firm_93087d2f75a68ebe1eb26a30ac34ec86.html
珠海格力电器股份有限公司,91440400192548256N,https://www.qichacha.com/firm_127fcf53de2598be86ab1b3cad165cf1.html
TCL集团股份有限公司,91441300195971850Y,https://www.qichacha.com/firm_88fc0b1d105b03d0bfa1edf37cb9e961.html
比亚迪股份有限公司,91440300192317458F,https://www.qichacha.com/firm_5dffb644394922f9073544a08f38be9f.html
兖州煤业股份有限公司,91370000166122374N,https://www.qichacha.com/firm_60bd1d6584d4aad719ebc6417ee11934.html
中国建材股份有限公司,91370000166122374N,https://www.qichacha.com/firm_60bd1d6584d4aad719ebc6417ee11934.html
中兴通讯股份有限公司,9144030027939873X7,https://www.qichacha.com/firm_2bcfce7c84d6ffc933f37eef472a0b1c.html
中国葛洲坝集团股份有限公司,914200006155710107,https://www.qichacha.com/firm_4b355cea080d06584b84bc4d0e735f81.html
长城汽车股份有限公司,91130000105941835E,https://www.qichacha.com/firm_b84da20aa072dd0e9e72cf48cb11437a.html
中国东方航空股份有限公司,913100007416029816,https://www.qichacha.com/firm_3bc5dc687133ec9d6efdcd5e8e02ad4d.html
厦门国贸集团股份有限公司,913502001550054395,https://www.qichacha.com/firm_7ac1ede7c3181b20ef57f83ca860002d.html
中国华融资产管理股份有限公司,911100007109255774,https://www.qichacha.com/firm_5406c682413298618a9c740f8914f7f8.html
中国光大银行股份有限公司,91110000100011743X,https://www.qichacha.com/firm_9e90ce522f55f18be14d858de1303f5d.html
华润置地有限公司,,
华润置地（北京）股份有限公司,9111000010112204XE,https://www.qichacha.com/firm_381b9a6a3a416d535f88858ea416cbaa.html
潍柴动力股份有限公司,913700007456765902,https://www.qichacha.com/firm_e1c4100057432504040c32832a09695e.html
中国再保险（集团）股份有限公司,9110000010002371XD,https://www.qichacha.com/firm_6af01cdb07bcf254aa3310425eba808a.html
中国信达资产管理股份有限公司,91110000710924945A,https://www.qichacha.com/firm_b4858d5cc72e05c7a1622b2eda293986.html
中国通信服务股份有限公司,911100007109343186,https://www.qichacha.com/firm_76e62bec29d5738872bb023f33062d7e.html
铜陵有色金属集团股份有限公司,913407001489736421,https://www.qichacha.com/firm_27f6dd04660c045642bf3937517b0e09.html
上海电气集团股份有限公司,91310000759565082B,https://www.qichacha.com/firm_4deb587a8f9db55953dcadd046c0f17f.html
紫金矿业集团股份有限公司,91350000157987632G,https://www.qichacha.com/firm_52117ae11b9c655887c62bce872d5ad3.html
重庆长安汽车股份有限公司,9150000020286320X6,https://www.qichacha.com/firm_d346b5a3ca3fcb478cae8d4b6aa49d49.html
中国航油（新加坡）股份有限公司,,
国美电器控股有限公司,,
北京国美电器有限公司,91110000633693521P,http://www.qichacha.com/firm_2d82bc14d76ece013acc1d3ae87ebf7b.html
国美电器有限公司,91110000748102517U,http://www.qichacha.com/firm_39e3cbd13bcf3b526d1a5d204ace93ec.html
中国粮油控股有限公司,,
远大产业控股股份有限公司 ,9132000013898927XM,https://www.qichacha.com/firm_0b97fa814b2a0b47ec8b41ea2008e124.html
河钢股份有限公司,91130000104759628H,https://www.qichacha.com/firm_950a1d6abe2dcc84157073355a95f27f.html
复星国际有限公司,,
中升集团控股有限公司,,
中远海运控股股份有限公司,91120118MA0603879K,https://www.qichacha.com/firm_5c36dfab1980e1e979281f71fbf9ad76.html
百度股份有限公司,,
百度在线网络技术（北京）有限公司,91110108717743469K,http://www.qichacha.com/firm_3f603703d59a04cbe427e5825099a565.html
北京百度网讯科技有限公司,91110000802100433B,http://www.qichacha.com/firm_576c21e3468a6b178bbf291e4820e896.html
昆仑能源有限公司,,
中国长城科技集团股份有限公司,91440300279351261M,https://www.qichacha.com/firm_454fd71c101aac31d55d8e118bee92a3.html
京东方科技集团股份有限公司,911100001011016602,https://www.qichacha.com/firm_3af639d1a46f356c27f3db1e86572405.html
四川长虹电器股份有限公司,91510700205412308D,https://www.qichacha.com/firm_579906dd6921d954a44898dc9a36de15.html
庞大汽贸集团股份有限公司,91130200746886581K,https://www.qichacha.com/firm_aa89af9ddd5eb1d09bfd8a341d105288.html
华夏银行股份有限公司,9111000010112001XW,https://www.qichacha.com/firm_07517027bb02603ae313df45a7b6160d.html
招商局蛇口工业区控股股份有限公司,914400001000114606,https://www.qichacha.com/firm_065146e4406a77c98662a3fca07ab999.html
华电国际电力股份有限公司,913700002671702282,https://www.qichacha.com/firm_636f670121657a0c463582cec90db58a.html
九州通医药集团股份有限公司,9142000071451795XA,https://www.qichacha.com/firm_8dca28e38cf9739c7634f9e96693f5ef.html
新希望六和股份有限公司,91510000709151981F,https://www.qichacha.com/firm_c510623b7ecf5a4d4fdefe563a063a0c.html
中国中煤能源股份有限公司,91110000710934289T,https://www.qichacha.com/firm_9230cf099809fa150e3a80f1bc6ebafc.html
内蒙古伊利实业集团股份有限公司,91150000114124263Y,https://www.qichacha.com/firm_39f9e16a0ec03c7591cb2b721d103d32.html
广东温氏食品集团股份有限公司,91445300707813507B,https://www.qichacha.com/firm_e823f3bb77d03b4d0e1a70ad57868c38.html
世茂房地产控股有限公司,,
云南铜业股份有限公司,91530000709705745A,https://www.qichacha.com/firm_b635bc55738f0947aed0fb3fbb88853c.html
大唐国际发电股份有限公司,91110000100017336T,https://www.qichacha.com/firm_9fbf401f7cd79a55e97eda3dc45ce6eb.html
国电电力发展股份有限公司,912102001183735667,https://www.qichacha.com/firm_058573c48dbbaf0b14b51ebda637e049.html
深圳市怡亚通供应链股份有限公司,91440300279398406U,https://www.qichacha.com/firm_c5ce1f6a22c47ca171aebd8a20f3f0aa.html
鞍钢股份有限公司,912100002426694799,https://www.qichacha.com/firm_786b50e2c6fec23c1c73bb8a7e047b8f.html
顺丰控股股份有限公司,91340500150660397M,https://www.qichacha.com/firm_2b2bce6ec1694350de4dab90d5c872ee.html
山西太钢不锈钢股份有限公司,91140000701011888X,https://www.qichacha.com/firm_9f0db897cbf651148af6140a9b38f036.html
华润电力控股有限公司,,
唯品会控股有限公司,,
广州唯品会信息科技有限公司,91440115679707845U,http://www.qichacha.com/firm_a7d3f023c28280180817c1dc812ec657.html
唯品会（中国）有限公司,914401015679254937,http://www.qichacha.com/firm_12d61309e7361b3e3d2f49e9dd31b937.html
白银有色集团股份有限公司,916204006600434445,https://www.qichacha.com/firm_d02593edc455f66174cac8bd59db28b3.html
安徽海螺水泥股份有限公司,9134020014949036XY,https://www.qichacha.com/firm_1e13d3d70111c4b7f7ec0d4688e56c43.html
金地（集团）股份有限公司,914403001921816342,https://www.qichacha.com/firm_c7dac9648b36b3ec553ee3200820f062.html
龙湖地产有限公司,,
华夏幸福基业股份有限公司,911310006096709523,https://www.qichacha.com/firm_cc5134c3aa5ffe933d827890f8b6fbc9.html
中国蒙牛乳业有限公司,,
蒙牛乳业（北京）有限责任公司,91110000744735827H,http://www.qichacha.com/firm_df5cd41dc4349df8921aa4e2abae3df2.html
广州富力地产股份有限公司,91440101190548279L,https://www.qichacha.com/firm_8a8b8c1c7f920b8989d9ae0b3f571d73.html
吉利汽车控股有限公司,,
济南吉利汽车有限公司,913701007874164473,http://www.qichacha.com/firm_7409b64147c240709816f038b0a8404f.html
中国化学工程股份有限公司,911100007109356445,https://www.qichacha.com/firm_1830e972bdebe2b93f9325b7f60ea903.html
云南云天化股份有限公司,915300002919937260,https://www.qichacha.com/firm_cd16a9cd7fb83ced7e515d891798c866.html
安徽江淮汽车集团股份有限公司,913400007117750489,https://www.qichacha.com/firm_925dbc0e90303842aa02132a18e9da71.html
深圳市飞马国际供应链股份有限公司,914403007084294519,https://www.qichacha.com/firm_096e8a1d034d6eb96e3bc20a542ee4ad.html
新兴铸管股份有限公司,91130400104365768G,https://www.qichacha.com/firm_c9435daf9f822a0e7ab58dc168980996.html
中国船舶重工股份有限公司,91110000710935329H,https://www.qichacha.com/firm_18739d8ec9f9e94268834695534cbafd.html
中国国际海运集装箱（集团）股份有限公司,91440300618869509J,https://www.qichacha.com/firm_f96d81c601b581348f1f49a7685b20fc.html
中国石油集团工程股份有限公司,91650000712998630A,https://www.qichacha.com/firm_e79adace3e2aa20a4ac5d57742ad4312.html
国机汽车股份有限公司,91120000712875155R,https://www.qichacha.com/firm_e725c5535cbb1b7e35f3825d1070731a.html
中国中材股份有限公司,91110000100006100T,https://www.qichacha.com/firm_58d435a2958599afca91f4f12246bb69.html
山东黄金矿业股份有限公司,91370000723865016M,https://www.qichacha.com/firm_9420c457fc6ecc33815fc8295dc23756.html
常林股份有限公司,91320000100019964R,https://www.qichacha.com/firm_d9d4e7380742a1883ffbefb39de1a7b3.html
山东钢铁股份有限公司,91370000726230489L,https://www.qichacha.com/firm_21298b8fd1f199d02176a9f4fbe034c1.html
湖南华菱钢铁股份有限公司,91430000712190148K,https://www.qichacha.com/firm_e2f030d397b22cfe742944caa156ab59.html
广州汽车集团股份有限公司,91440101633203772F,https://www.qichacha.com/firm_76acadd00af8a8880f471e093b46617e.html
光汇石油（控股）有限公司,,
永辉超市股份有限公司,91350000727900106T,https://www.qichacha.com/firm_c1127ec9eaf4faa3f31d17bf7c90adf8.html
山煤国际能源集团股份有限公司,911400007248849727,https://www.qichacha.com/firm_147196bb7c5422c07a71cb888dd501fc.html
中国长江电力股份有限公司,91110000710930405L,https://www.qichacha.com/firm_d3f3c45a006545f569250c055554dac7.html
深圳市爱施德股份有限公司,91440300708415957K,https://www.qichacha.com/firm_13258ea3480e74c288c0d4d9b8cde796.html
马鞍山钢铁股份有限公司,91340000610400837Y,https://www.qichacha.com/firm_b4b6757f5ddc7e985dd59ff40ce24f27.html
北京控股有限公司,911100007699051407,https://www.qichacha.com/firm_242efa73a3fa7cca5954b40894b0f651.html
北京金隅股份有限公司,91110000783952840Y,https://www.qichacha.com/firm_ec61cbbfca58a7c1d3c4e41854f4106b.html
北京银行股份有限公司,91110000101174712L,https://www.qichacha.com/firm_90e1a812d8dd44ac8d352ea4928ca358.html
上海百联集团股份有限公司,9131000013220198XB,https://www.qichacha.com/firm_80daeeaca2ef5a928e1b9a981105db2f.html
中国外运股份有限公司,911100007109305601,https://www.qichacha.com/firm_3b257b29261a9a8ce56a9037971de691.html
雅居乐集团控股有限公司,,
北汽福田汽车股份有限公司,911100001012029043,https://www.qichacha.com/firm_d5fb4e48b99ed3ab6b97ba2732d97560.html
荣盛石化股份有限公司,91330000255693873W,https://www.qichacha.com/firm_fdc39ee12aacc70ade9132796cdd7981.html
大秦铁路股份有限公司,91140000710932953T,https://www.qichacha.com/firm_1f8c4d5edb053db5e4078887e407b4ea.html
重庆建工集团股份有限公司,915000002028257485,https://www.qichacha.com/firm_e95a4e41bb5bc1bc349bdf8f2b86c28e.html
中石化石油工程技术服务股份有限公司,911100006259082971,https://www.qichacha.com/firm_78305231c22f306f3bd9e6e50577ee2f.html
北京首钢股份有限公司,911100007002343182,https://www.qichacha.com/firm_0ab5406c75320a53583b07c728a5f8b6.html
百丽国际控股有限公司,,
中国核工业建设股份有限公司,91110000717828569P,https://www.qichacha.com/firm_600cead6290c84f6e74cb3c273a5b7c1.html
上海钢联电子商务股份有限公司,913100006317557680,https://www.qichacha.com/firm_131aa75c150668435029e8621a580523.html
上海华谊集团股份有限公司,913100006072189974,https://www.qichacha.com/firm_f313bf469ff5b9468eb1ef2c4d765807.html
五矿发展股份有限公司,91110000100026638J,https://www.qichacha.com/firm_ff69c4b054f42cfd7f538641a56975a1.html
海南航空股份有限公司,914600006200251612,https://www.qichacha.com/firm_918551a38b7bb58df883e8df0f156ed4.html
中化国际（控股）股份有限公司,913100007109235395,https://www.qichacha.com/firm_dbbe3e6f3d2b38bb30b9771b583e1663.html
神州数码集团股份有限公司,9144030019218259X7,https://www.qichacha.com/firm_4cb64830231063008796462ab437d074.html
厦门信达股份有限公司,913502001549967873,https://www.qichacha.com/firm_16961fa82b6a1455ede64565ba440786.html
贵州茅台酒股份有限公司,9152000071430580XT,https://www.qichacha.com/firm_28520655e5af66ff277f13f36fbeb16d.html
特变电工股份有限公司,91650000299201121Q,https://www.qichacha.com/firm_d56781f60093098b4d2b37adde58daef.html
大昌行集团有限公司,,
中石化炼化工程(集团)股份有限公司,911100007109349087,https://www.qichacha.com/firm_c433ac6cf893f09a6ca54ec6cfea47a9.html
浙江浙能电力股份有限公司,913300001429120051,https://www.qichacha.com/firm_07adeb60bf9f505da49b39b5fc6978ea.html
中金黄金股份有限公司,911100007229830372,https://www.qichacha.com/firm_1243034d57de6e82c7611f96f34eba2c.html
中国大冶有色金属矿业有限公司,,
网易公司,91110108055560355H,https://www.qichacha.com/firm_7beef3e1a39f5e447bb9f77394a3a458.html
天津天海投资发展股份有限公司,911201181030621752,https://www.qichacha.com/firm_b3eb210fab7a3bee90b9bcd6fcd4eb3b.html
中国航空科技工业股份有限公司,91110000710931141J,https://www.qichacha.com/firm_41792ce043b022187c6ba7faca8ffed1.html
创维数码控股有限公司,91110000710931141J,https://www.qichacha.com/firm_41792ce043b022187c6ba7faca8ffed1.html
郑州宇通客车股份有限公司,91410000170001401D,https://www.qichacha.com/firm_bae120d48f0cae3a8f6a8991da83858e.html
深圳华侨城股份有限公司,91440300279374105B,https://www.qichacha.com/firm_d5efe7e85b756c4caa14b78271136312.html
融创中国控股有限公司,,
甘肃酒钢集团宏兴钢铁股份有限公司,91620000710375659T,https://www.qichacha.com/firm_84a3af06640763b1142a8e0eccf21929.html
老凤祥股份有限公司,9131000060720072X4,https://www.qichacha.com/firm_d1be6bc9370935896fb7784a28c8dcbd.html
玖龙纸业（控股）有限公司,91441900617688669N,https://www.qichacha.com/firm_ee25d8b3b0b6d3d4f180df3a7b81715e.shtml
远洋集团控股有限公司,,
江苏中南建设集团股份有限公司,91320600MA1M9AEW6B,https://www.qichacha.com/firm_97e1169ff5e9f3e0f8eb3cdd5564d091.html
上海银行股份有限公司,91310000132257510M,https://www.qichacha.com/firm_f2c07c2f29634c877a647997666a90c9.html
新奥能源控股有限公司,,
重庆百货大楼股份有限公司,91500000202824753F,https://www.qichacha.com/firm_3450a01d5cd37385b0f2d1f50256ca3a.html
天音通信控股股份有限公司,91360700158312266X,https://www.qichacha.com/firm_bca5e6466c0141f23621931a68228f96.html
浙商银行股份有限公司,91330000761336668H,https://www.qichacha.com/firm_a7c4c23eb5f65dd129f9bc2ed3eb5d94.html
云南锡业股份有限公司,915300007134002589,https://www.qichacha.com/firm_653a6e35129ce965508de3b92e173028.html
东方电气股份有限公司,91510100205115485Y,https://www.qichacha.com/firm_fd2dc4ead1f60caf1d5fa4c73f6aff1e.html
陕西煤业股份有限公司,91610000681585170N,https://www.qichacha.com/firm_ee0d83a3ec0c28693f6c9842d9f5063f.html
中航国际控股股份有限公司,91440300279351229A,https://www.qichacha.com/firm_c9922b833a08c5921124d379136ede3a.html
浙商中拓集团股份有限公司,91430000712108626U,https://www.qichacha.com/firm_5270ac2f42c9efd57db97e1e69744e56.html
中国重汽（香港）有限公司,,
中国广核电力股份有限公司,91440300093677087R,https://www.qichacha.com/firm_3b3ec64f4b04030fbbe94c3759163b54.html
恒逸石化股份有限公司,9145050019822966X4,https://www.qichacha.com/firm_f587e4a313ef9e578a26253c5d5814e0.html
金科地产集团股份有限公司,91500000202893468X,https://www.qichacha.com/firm_77f780cb301b86c4f68814190c6709a9.html
江苏汇鸿国际集团股份有限公司 ,91320000134762481B,https://www.qichacha.com/firm_e2d5db28642314a2356d47a30f3e2016.html
杭州海康威视数字技术股份有限公司,91330000733796106P,https://www.qichacha.com/firm_47e8760382f7462a4ad889f3c0e2729a.html
青岛海信电器股份有限公司,9137020026462882XW,https://www.qichacha.com/firm_a5901364e0973c7f8ed05ed2a88c12a0.html
中国正通汽车服务控股有限公司,,
上海国际港务（集团）股份有限公司,913100001322075806,https://www.qichacha.com/firm_ec48ff26b7f0742a1e8bf9ae30b5b150.html
江苏银行股份有限公司,91320000796544598E,https://www.qichacha.com/firm_e69e99d86cc30d1b6668648ac933ba35.html
哈尔滨电气股份有限公司,91230100127575573H,https://www.qichacha.com/firm_d58c20078a76ffc7af5a4edd5d8d93e7.html
内蒙古包钢钢联股份有限公司,911500007014649754,https://www.qichacha.com/firm_b140042b02786fdb6d5af57b7101a915.html
荣盛房地产发展股份有限公司,911310002360777257,https://www.qichacha.com/firm_3191cba2586722ef99ae5e0f67338b5a.html
内蒙古西水创业股份有限公司,911500007014638920,https://www.qichacha.com/firm_140e63b7585e3ba1e43dbe280ccc50da.html
新余钢铁股份有限公司,913605001583084437,https://www.qichacha.com/firm_d388d23bdf564af5cf1fd33e9110837a.html
四川路桥建设集团股份有限公司,915100007118906956,https://www.qichacha.com/firm_9cf2732de4c313c5d6d2f43a78847176.html
万华化学集团股份有限公司,91370000163044841F,https://www.qichacha.com/firm_6bf5dbe0d256c4927075d2e9d1c86590.html
中国核能电力股份有限公司,91110000710935425T,https://www.qichacha.com/firm_a4cf4b067c36c9a3535c62529f009699.html
北京首都开发股份有限公司,91110000101309074C,https://www.qichacha.com/firm_a9d634dd1802b5dc62e6e588bd8e1652.html
江苏国泰国际集团国贸股份有限公司,91320000703675629U,https://www.qichacha.com/firm_96b784a020042ed920383ecd4ecc53e5.html
本钢板材股份有限公司,91210000242690243E,https://www.qichacha.com/firm_840e11cc5a06fb3154fb6bef2b42714e.html
中国铁路通信信号股份有限公司,911100007178285938,https://www.qichacha.com/firm_40f500f2fc6c4d18a0390f635eb2027c.html
国投电力控股股份有限公司,911100002717519818,https://www.qichacha.com/firm_7d21cd2e4dba60fedbb2cc4a67d86a2d.html
北方华锦化学工业股份有限公司,91211100279309506B,https://www.qichacha.com/firm_dee80863da5ded3c431282428fecb92d.html
绿城中国控股有限公司,,
中国石油集团资本股份有限公司,91370000163098284E,https://www.qichacha.com/firm_bf017804f561b4e9fe270fc770013e2e.html
上海隧道工程股份有限公司,91310000132222385M,https://www.qichacha.com/firm_0dbda2a9bbb77a7107ed093ef6ee1bfa.html
华润啤酒（控股）有限公司,,
新城发展控股有限公司,,
华润燃气控股有限公司,,
大商股份有限公司,91210200241268278D,https://www.qichacha.com/firm_40acb871278248d85d2197dcdc48480a.html
海通证券股份有限公司,9131000013220921X6,https://www.qichacha.com/firm_56777fa57d850f62a5225be7d974a17e.html
西部矿业股份有限公司,916300007104492831,https://www.qichacha.com/firm_babeb6e3ed4988e565bf657e4538be6c.html
申能股份有限公司,913100001322084958,https://www.qichacha.com/firm_ef7e76881e3f14b2d817cc915fcab8a2.html
紫光股份有限公司,91110000700218641X,https://www.qichacha.com/firm_d5c4d0b3cbb89461e1988d618fb2ebab.html
中国金茂控股集团有限公司,,
广东海大集团股份有限公司,914400007578948436,https://www.qichacha.com/firm_b5ef673ec3eb21dab4ec948fabf4d013.html
同方股份有限公司,91110000100026793Y,https://www.qichacha.com/firm_db2603d1f52be5bea4fa805e61d94195.html
际华集团股份有限公司,91110000710934270X,https://www.qichacha.com/firm_8d85dfb2570c1a7550a2f1ce5209f46b.html
深圳欧菲光科技股份有限公司,914403007261824992,https://www.qichacha.com/firm_0e310526cf8c71b11fba1602435f481d.html
海信科龙电器股份有限公司,91440000190343548J,https://www.qichacha.com/firm_3f30b50567720ce85371ac6c858a0776.html
南京医药股份有限公司,91320100250015862U,https://www.qichacha.com/firm_741b08b26acfeb7d262512b6598ff882.html
联华超市股份有限公司,91310000607370331G,https://www.qichacha.com/firm_13491b6503329fbfe786fca7c8e78560.html
柳州钢铁股份有限公司,91450200715187622B,https://www.qichacha.com/firm_9e663aa0f423bbdd05f18f3af0d40ad7.html
江铃汽车股份有限公司,913600006124469438,https://www.qichacha.com/firm_71741aae019eb027dcd8408c0bda00d7.html
南京银行股份有限公司,913201002496827567,https://www.qichacha.com/firm_6f53b12426b21c3121b4fcdb12f1842d.html
中国东方集团控股有限公司,,
新疆金风科技股份有限公司,91650000299937622W,https://www.qichacha.com/firm_aa0cd161114120fcf5a2c931631af1e4.html
保利置业集团有限公司,91310000710928372C,https://www.qichacha.com/firm_8f287bfdbcbbc2b9398d0dc9d7931d47.html
中航飞机股份有限公司,916100002942059830,https://www.qichacha.com/firm_542b2f899c943f41b55061c25a94f9db.html
青岛啤酒股份有限公司,91370200163615667J,https://www.qichacha.com/firm_64a1a14d3502a1e089924e557fff8637.html
国泰君安证券股份有限公司,9131000063159284XQ,https://www.qichacha.com/firm_f29c44a004d0e4735f7a624cc76d0536.html
中国医药健康产业股份有限公司,911100001000265317,https://www.qichacha.com/firm_42bab5553b466fb687ad2c70400d44dd.html
仁恒置地集团有限公司,,
航天信息股份有限公司,91110000710927388B,https://www.qichacha.com/firm_16d63c266a8fff8488a56bc890c40957.html
桐昆集团股份有限公司,91330000146846252J,https://www.qichacha.com/firm_86683ebbe6812f82d8178ffc7033b507.html
耐世特汽车系统集团有限公司,,
华东医药股份有限公司,91330000143083157E,https://www.qichacha.com/firm_4376a7f5733d076999930923f3f67729.html
中铝国际工程股份有限公司,911100007109323200,https://www.qichacha.com/firm_2f21a3737acd16ca0a3da085e11f0cb1.html
泛海控股股份有限公司,911100006188158771,https://www.qichacha.com/firm_53be9ad270aa8c510922f564986325c6.html
宜宾五粮液股份有限公司,91511500MA62A0WM8P,https://www.qichacha.com/firm_668fe187309ebdf5bf162fddda404c79.html
渤海金控投资股份有限公司,916500002285973682,https://www.qichacha.com/firm_f56c21f7421c34ffac17e7fb653a02fc.html
环旭电子股份有限公司,91310000745611834X,https://www.qichacha.com/firm_bf178d305707db324c7845acecb7034b.html
中国食品有限公司,,
中国燃气控股有限公司,,
宁波银行股份有限公司,91330200711192037M,https://www.qichacha.com/firm_e7de413c82f349423d041bbd6497ca12.html
新疆中泰化学股份有限公司,91650000731836311Q,https://www.qichacha.com/firm_158de1f59f82e1563643a7b6207260f2.html
中船海洋与防务装备股份有限公司 ,91440101190499390U,https://www.qichacha.com/firm_c14edc9405fb9e2b0d3d657742a20d6c.html
三一重工股份有限公司,91110000616800612P,https://www.qichacha.com/firm_3fe836a802daba569ef17302f0c0ff23.html
山东晨鸣纸业集团股份有限公司,913700006135889860,https://www.qichacha.com/firm_b5f732fb7d946dccd779f739ea07eb92.html
一汽轿车股份有限公司,91220101244976413E,https://www.qichacha.com/firm_11eab7cb718899702e892909c04cdc45.html
广东电力发展股份有限公司,91440000617419493W,https://www.qichacha.com/firm_cfff814f07338d4fc3c2141b747970c2.html
云南白药集团股份有限公司,9153000021652214XX,https://www.qichacha.com/firm_28f29bec241f777515d5023fbc4120ba.html
中国国旅股份有限公司,911100007109353457,https://www.qichacha.com/firm_7aa81fff0ee6211908193c4b185f4022.html
内蒙古伊泰煤炭股份有限公司,911506006264024904,https://www.qichacha.com/firm_dc82168062a2453bc0358bebfce65ca7.html
龙源电力集团股份有限公司,911100001000127624,https://www.qichacha.com/firm_800936e64e00ed6189cbb6d322ccec7d.html
旭辉控股（集团）有限公司,,
中国航发动力股份有限公司,91610112243870086Q,https://www.qichacha.com/firm_071412fee2c5c4bea4075ac8a0c4dac3.html
安阳钢铁股份有限公司,914100007191734203,https://www.qichacha.com/firm_2641da2920d55286d46bc7c636fc9536.html
广州发展集团股份有限公司,91440101231243173M,https://www.qichacha.com/firm_b798ce1e274375950c3bfa6939f541a8.html
保利协鑫能源控股有限公司,,
乐视网信息技术（北京）股份有限公司,911100007693890511,https://www.qichacha.com/firm_84c17a005a759a5e0d875c1ebb6c9846.html
华润水泥控股有限公司,,
厦门金龙汽车集团股份有限公司,91350200154998133X,https://www.qichacha.com/firm_9c5d76ff29619de152609ee86b66f96d.html
重庆农村商业银行股份有限公司,91500000676129728J,https://www.qichacha.com/firm_4607dc99b2f6724c20563e0c16907966.html
康美药业股份有限公司,91445200231131526C,https://www.qichacha.com/firm_043b1ffdddf5bccb33e0c9bd22ff8ceb.html
天能动力国际有限公司,,
中国船舶工业股份有限公司,91310000631899761Q,https://www.qichacha.com/firm_0f34703e87011f904d469e1230984198.html
超威动力控股有限公司,,
晶科能源控股有限公司,,
四川蓝光发展股份有限公司,915101007092429550,https://www.qichacha.com/firm_3f520a326f66abe18389f94802306db7.html
瑞茂通供应链管理股份有限公司,9137000070620948X8,https://www.qichacha.com/firm_44fa1d7f4e18c1f21305cc21f1ddcd81.html
江苏中天科技股份有限公司,91320600138670947L,https://www.qichacha.com/firm_c463c3cbdaba66038555faeaeecc32f6.html
中国机械设备工程股份有限公司,91110000100000710J,https://www.qichacha.com/firm_891e264763179dc209a8537271b6cb35.html
徽商银行股份有限公司,913400001489746613,https://www.qichacha.com/firm_0d3200017c31ab89cfd5d0938db31650.html
通威股份有限公司,91510000207305821R,https://www.qichacha.com/firm_510647dbba3d4766385340dd7478e1bb.html
越秀地产股份有限公司,,
光明房地产集团股份有限公司,91310000132209965Q,https://www.qichacha.com/firm_1a75712e3e5d291d318b7d59b870c0be.html
泰禾集团股份有限公司,91350000155584573M,https://www.qichacha.com/firm_59e10a63d59efcc93b35664dc6ed0619.html
广发证券股份有限公司,91440000126335439C,https://www.qichacha.com/firm_3186cb2cab5a80351cfbbe76d2e1f6fa.html
龙光地产控股有限公司,,
大明国际控股有限公司,,
江苏宏图高科技股份有限公司,91320000134798505P,https://www.qichacha.com/firm_11773e6f7bb094e3062772be5c57d8a8.html
首创置业股份有限公司,91110000744701379C,https://www.qichacha.com/firm_18548184f3d150da371fa75f0ae918d5.html
康佳集团股份有限公司,914403006188155783,https://www.qichacha.com/firm_ff52426936be0a68a0347a7b16c290b9.html
光明乳业股份有限公司,913100006073602992,https://www.qichacha.com/firm_778db501c7f62a6dfd10f465b19b10a7.html
浙江正泰电器股份有限公司,91330000142944445H,https://www.qichacha.com/firm_e610bcd579c3e028eb559f1eb3733816.html
广州白云山医药集团股份有限公司,9144010163320680X7,https://www.qichacha.com/firm_1ebf259dd5c6ef8655ff7eec48ed1de6.html
中联重科股份有限公司,914300007121944054,https://www.qichacha.com/firm_7aded297e395113539ab603e5b426f8a.html
东华能源股份有限公司,913200006082630012,https://www.qichacha.com/firm_7ec5511352483d6dd50cc4706b86a310.html
金融街控股股份有限公司,9111000020283066XF,https://www.qichacha.com/firm_3fea9567b089a818348bd78a2eb1096b.html
携程国际有限公司,,
杭州钢铁股份有限公司,913300007042008605,https://www.qichacha.com/firm_6766c4b0782eebb94d6683130a9d71e7.html
山西西山煤电股份有限公司,91140000713676510D,https://www.qichacha.com/firm_5313dc9f6a181e5ab1c172f2bc423ae2.html
苏州金螳螂建筑装饰股份有限公司,91320000608285139H,https://www.qichacha.com/firm_c4877d95e9a22f9b320a1934f3f576b1.html
阳光城集团股份有限公司,91350000158164371W,https://www.qichacha.com/firm_fc8304bad0b1ffe99331c35525a4a793.html
中天金融集团股份有限公司,91520000214466447K,https://www.qichacha.com/firm_48b04bf84786dcaae07393d8f0f3fb9e.html
杭州滨江房产集团股份有限公司,91330000719577660B,https://www.qichacha.com/firm_591aa3a6b97b9bb4500675f625f8c12c.html
上海东方明珠新媒体股份有限公司,913100001322114836,https://www.qichacha.com/firm_e06f5af040745430aec2faf8684ae3c7.html
中芯国际集成电路制造有限公司,,
江苏亨通光电股份有限公司,91320500608296911W,https://www.qichacha.com/firm_fd9a9d5c535d3f6f2b6fb357c26ef2af.html
歌尔股份有限公司,91370700729253432M,https://www.qichacha.com/firm_b3cf9e74313cc53f2e8ca0ee4dbae0bf.html
恒安国际集团有限公司,,
恒力石化股份有限公司,912102001185762674,https://www.qichacha.com/firm_63c6bec1ca6aafce2af001ee2c9af3d0.html
江苏长电科技股份有限公司,91320200142248781B,https://www.qichacha.com/firm_d3c1f6a797036894fe5fe92fa04e2c8d.html
中国有色金属建设股份有限公司,91110000100001262Q,https://www.qichacha.com/firm_996d606d3f5b20bcbba553eb7a4feae4.html
安徽华信国际控股股份有限公司,91340000705040002U,https://www.qichacha.com/firm_651342918fe16fe49e9f45d164319943.html
阿特斯太阳能有限公司,,
上海实业控股有限公司,,
江西正邦科技股份有限公司,913600006124405335,https://www.qichacha.com/firm_a72de93b5c0f1b12015f992419fd6700.html
信利国际有限公司,,
中国电力国际发展有限公司,,
金正大生态工程集团股份有限公司,913713007060665387,https://www.qichacha.com/firm_75bb58aed3fe1b0136fa9712299d9407.html
阳泉煤业（集团）股份有限公司,9114000071599263XM,https://www.qichacha.com/firm_7216cc2f81849435b6954d28d3c1f59f.html
宁波均胜电子股份有限公司,9133020060543096X6,https://www.qichacha.com/firm_3f87f75cad5a174be1776705e67c7bdd.html
深圳控股有限公司,,
宝业集团股份有限公司,91330000726606415Y,https://www.qichacha.com/firm_c7f41142ff75104f2c7d9d401bdd0e01.html
中粮地产（集团）股份有限公司,914403001922471899,https://www.qichacha.com/firm_acce5624f5cb0f7f5241fa4d5e4bec0a.html
浙江海亮股份有限公司,91330000724510604K,https://www.qichacha.com/firm_dff865681afb4fe3a8e10df3ffabafc6.html
金发科技股份有限公司,91440101618607269R,https://www.qichacha.com/firm_8a30380661a8a6e921f220ab8ed403b0.html
中国润东汽车集团有限公司,,
达利食品集团有限公司,91350000611541826X,https://www.qichacha.com/firm_da547596177756a8c5beac407b6aebe7.html
王府井集团股份有限公司,911100001013053805,https://www.qichacha.com/firm_971414325d72faaa1be487d9eb8d668d.html
佳兆业集团控股有限公司,,
武汉武商集团股份有限公司,91420100300251645N,https://www.qichacha.com/firm_c21574dcc77fb60b7b61c7971528601c.html
延长石油国际有限公司,,
中信建投证券股份有限公司,91110000781703453H,https://www.qichacha.com/firm_2d6fe95c38417fa59ff1927aa789e833.html
北京三聚环保新材料股份有限公司,91110000633025574Y,https://www.qichacha.com/firm_af6d952bead5d329ac4cba9381dc36c3.html
烽火通信科技股份有限公司,914200007146661114,https://www.qichacha.com/firm_3a7bc14f8eda5acddbff8abf2e3b2b54.html
广深铁路股份有限公司,91440300192411663K,https://www.qichacha.com/firm_dd4efadebc6d6cedfb6e48fb49f2657d.html
天虹商场股份有限公司,91440300618842912J,https://www.qichacha.com/firm_67ef29e4ca4ecb04d6ef2f55456a152f.html
浙江英特集团股份有限公司,91330000609120272T,https://www.qichacha.com/firm_31ed5717646755a14e9e27355341c2bb.html
中国联塑集团控股有限公司,,
江苏洋河酒厂股份有限公司,9132000074557990XP,https://www.qichacha.com/firm_362352f8603a491e747ebfc3c9a9d599.html
上海锦江国际酒店（集团）股份有限公司,91310000132237069T,https://www.qichacha.com/firm_fd16c51bd1251e747b7e5a1e51da6325.html
海澜之家股份有限公司,91320200703519028W,https://www.qichacha.com/firm_06f17ea46c9c54223835e269133ea6f3.html
华泰证券股份有限公司,91320000704041011J,https://www.qichacha.com/firm_60eba724aae0c00faa564e3c6001e45f.html
河南神火煤电股份有限公司,91410000706784652H,https://www.qichacha.com/firm_fbe2d2bd99c1b6f00301f8ebdfcee2c9.html
徐工集团工程机械股份有限公司,913203001347934993,https://www.qichacha.com/firm_23866876549e311639dbf1e6b2080b24.html
北京大北农科技集团股份有限公司,91110000102006956C,https://www.qichacha.com/firm_46ed08a3b884109f646bfa8f46b96750.html
圆通速递股份有限公司,912102002412697996,https://www.qichacha.com/firm_2b6d4910b7514255bb43c36c170e48e3.html
江苏国信股份有限公司,91320000751254554N,https://www.qichacha.com/firm_55cc23ed9a6f2d1ac0953d911c391cef.html
中国忠旺控股有限公司,,
五菱汽车集团控股有限公司,,
福耀玻璃工业集团股份有限公司,91350100611300758B,https://www.qichacha.com/firm_79494e9da7964a03a3e134cf7503d751.html
阳煤化工股份有限公司,91510300203956766U,https://www.qichacha.com/firm_99f116ddfc664f89225ec8e3f8c11200.html
内蒙古鄂尔多斯资源股份有限公司,911506006264022554,https://www.qichacha.com/firm_b74e0970e8735ca82aa15f4a5a1daf5e.html
五矿资源有限公司,,
上海物资贸易股份有限公司,913100006072619284,https://www.qichacha.com/firm_d533749f8312ba0aefd34300eeeea29e.html
锦州银行股份有限公司,912107002426682145,https://www.qichacha.com/firm_8fa1e1074433f395939736f7f35f555a.html
山东恒邦冶炼股份有限公司,913700001653412924,https://www.qichacha.com/firm_dadf7bb0a4a5d5761a48a05e552c9033.html
宁波舟山港股份有限公司,91330200717882426P,https://www.qichacha.com/firm_a64e7c38ee665ac4fc10a7ba3236e3c0.html
南京新街口百货商店股份有限公司,91320100134896447M,https://www.qichacha.com/firm_c0d70aa71289b28a6b9beeb749350111.html
时代地产控股有限公司,,
重庆小康工业集团股份有限公司,915001066608898456,https://www.qichacha.com/firm_752b5a43a79b71c12e0b4789ee6e0e8e.html
易见供应链管理股份有限公司,91510000201897897F,https://www.qichacha.com/firm_351073fb3b8aa45fc7d4c7ac2febd039.html
盛京银行股份有限公司,91210100117809938P,https://www.qichacha.com/firm_bb5046445a790fc70230e3b43766ce46.html
上海电力股份有限公司,913100006311887755,https://www.qichacha.com/firm_33b2c084c1b3a0b392d963e8eff35a34.html
中远海运发展股份有限公司,91310000759579978L,https://www.qichacha.com/firm_5d306119c59446bd133edbbd6eb01c5c.html
华电福新能源股份有限公司,91350000768574458E,https://www.qichacha.com/firm_c496b8c59f80ba8e86420d070d47142c.html
上海龙宇燃油股份有限公司,91310000630723959H,https://www.qichacha.com/firm_391348f809bb7c47eef14c64712dca54.html
国电科技环保集团股份有限公司,91110000102099718E,https://www.qichacha.com/firm_9699a58809dcf3f34240eaba28ba5bd9.html
唐山三友化工股份有限公司,91130200721620963C,https://www.qichacha.com/firm_ca531c38a4eb2f07eeda4b1b1b54e756.html
晶澳太阳能控股有限公司,,
理文造纸有限公司,,
天津泰达股份有限公司,91120000103069967Y,https://www.qichacha.com/firm_7c0d02ec5c8f26daac41a654a1dd9424.html
瑞康医药股份有限公司,91370000766690447B,https://www.qichacha.com/firm_97c2f68a930871fc66d5c4e585ca9c41.html
云南铝业股份有限公司,9153000021658149XB,https://www.qichacha.com/firm_ed3a8c7f8bbd6daa7047bed2a224bbd4.html
步步高商业连锁股份有限公司,91430300755843372T,https://www.qichacha.com/firm_5ce250f766126a6c2b254eb6b9da74e0.html
东方国际创业股份有限公司,91310000132212080D,https://www.qichacha.com/firm_99378c66fc1aee68ce6bd45fc8ee8095.html
中百控股集团股份有限公司,91420100177682019R,https://www.qichacha.com/firm_140553a6f7b66c930dd6d3cbae5173be.html
中储发展股份有限公司,91120000103070984E,https://www.qichacha.com/firm_19a436983324dd2697e2d34ded29c410.html
江河创建集团股份有限公司,91110000700217649F,https://www.qichacha.com/firm_1224bdaa6014733dccb9407df157c0ea.html
蓝思科技股份有限公司,91430000796852865Y,https://www.qichacha.com/firm_f4fbe01dc6ac47a86eb09cc829d7cabb.html
湖北宜化化工股份有限公司,91420000179120378B,https://www.qichacha.com/firm_16341c97ec724a072079bf8e6a98b6eb.html
北京迪信通商贸股份有限公司,911100008029439243,https://www.qichacha.com/firm_895892e3db31c37e1425c72a0bde2399.html
中海油田服务股份有限公司,9112011671092921XD,https://www.qichacha.com/firm_6ad0fb6933a9bce679eaff2bb49636d9.html
宝胜科技创新股份有限公司,913210007185461766,https://www.qichacha.com/firm_e3e1cfa1512c675ad5ea5f7eca7cef64.html
申洲国际集团控股有限公司,,
扬子江船业（控股）有限公司,,
深圳市中金岭南有色金属股份有限公司,914403001922063360,https://www.qichacha.com/firm_380b7abc9c5aaadd4f19462a77fd44ca.html
深圳长城开发科技股份有限公司,91440300618873567Y,https://www.qichacha.com/firm_ea0d15b0244ccf69e29802c877de29f9.html
景瑞控股有限公司,,
中化化肥控股有限公司,91110000101156864L,https://www.qichacha.com/firm_8e745e1e57f0705c04739cef8ab35b69.html
雅戈尔集团股份有限公司,91330200704800698F,https://www.qichacha.com/firm_d5e1a23c06faac5e4d6df3641479874c.html
北控水务集团有限公司,,
申万宏源集团股份有限公司,91650000132278661Y,https://www.qichacha.com/firm_24e9ae4da73a42461686d47dd0bc8db0.html
平顶山天安煤业股份有限公司,91410000727034084A,https://www.qichacha.com/firm_33e1cdfb4a67ec10993405e203e49105.html
北京京能清洁能源电力股份有限公司,91110000101718150E,https://www.qichacha.com/firm_23904b0c69b453eba1f740a3152ffd81.html
舜宇光学科技（集团）有限公司,,
龙元建设集团股份有限公司,91330000704203949A,https://www.qichacha.com/firm_bc9938b9b1783409bf4f89a0339c1ea6.html
湖北兴发化工集团股份有限公司,91420500271750612X,https://www.qichacha.com/firm_cdad8742f7e3aea172c5672300e2d122.html
凌源钢铁股份有限公司,9121130012320998XE,https://www.qichacha.com/firm_f4bf89c5b83c06bc73ad2bd999f3b155.html
山东太阳纸业股份有限公司,91370800706094280Q,https://www.qichacha.com/firm_cb0555aacdb389a58a42055a171dd7e2.html
上海大生农业金融科技股份有限公司,91310000132213358B,https://www.qichacha.com/firm_940c30c38e8aeb225d3108236e5ba647.html
宝龙地产控股有限公司,,
中国雨润食品集团有限公司,,
重庆市迪马实业股份有限公司,9150000045041506X3,https://www.qichacha.com/firm_06d77b45bbb93d76bf552f0dd82644d3.html
海马汽车集团股份有限公司,9146000028407924XP,https://www.qichacha.com/firm_a396619ecfec6a6b8bb8d4198c364a7f.html
山西潞安环保能源开发股份有限公司,91140000729666771H,https://www.qichacha.com/firm_8737443ef03b237734675a8bb8f671ac.html
中华企业股份有限公司,913100001323409633,https://www.qichacha.com/firm_2d043d9d005e8425697ccaac7d2db157.html
中国西电电气股份有限公司,91610000673263286L,https://www.qichacha.com/firm_c3e2e1e8fdc0ae41737394a4e0718efb.html
哈尔滨银行股份有限公司,912301001275921118,https://www.qichacha.com/firm_f7acf83b398913f8893c8d0d350aac31.html
哈药集团股份有限公司,91230199128175037N,https://www.qichacha.com/firm_1d8a104655a30f48e8112b62f7926509.html
福建三钢闽光股份有限公司,913500007336174899,https://www.qichacha.com/firm_7d583050b1d8dab55fa59f8d480c2c43.html
云南驰宏锌锗股份有限公司,91530000713464526C,https://www.qichacha.com/firm_8110e44e128f39f0a885d079595aa9b5.html
天津港发展控股有限公司,,
广东韶钢松山股份有限公司,914402002311293467,https://www.qichacha.com/firm_50f75e8a8859e609ec37976f8abe827d.html
天士力医药集团股份有限公司,9112000023944464XD,https://www.qichacha.com/firm_bac040226e915e24f5f557ef7fbb896a.html
远东宏信有限公司,,
河南中孚实业股份有限公司,91410000170002324A,https://www.qichacha.com/firm_7d526f60c06a7ec7dfadac8c3a2f36b0.html
合生创展集团有限公司,,
上海梅林正广和股份有限公司,91310000132285976X,https://www.qichacha.com/firm_5306a8b92b2af7d02ee06dce90480ee2.html
长江出版传媒股份有限公司,914200001322795099,https://www.qichacha.com/firm_33c4f8538035e8f4b3e218f94587a570.html
立讯精密工业股份有限公司,91440300760482233Q,https://www.qichacha.com/firm_2a13e606a679f9c1cd0f7c1f5c5abf35.html
杭州银行股份有限公司,91330000253924826D,https://www.qichacha.com/firm_69b6159f8090d983e19577f43eb887a4.html
上海世茂股份有限公司,91310000132202878T,https://www.qichacha.com/firm_fdf7152d4fdbed7e20073111380ab099.html
永泰能源股份有限公司,91140000267171001C,https://www.qichacha.com/firm_28928e95d1d6b6971525aa1ef879a13f.html
宁波建工股份有限公司,91330200768520599R,https://www.qichacha.com/firm_51e8a05d8930af999ea3880193d402ce.html
禹洲地产股份有限公司,,
玉柴国际有限公司,,
天虹纺织集团有限公司,,
冀中能源股份有限公司,911300007183116254,https://www.qichacha.com/firm_08f406158286f623ed0105fdbc6637bb.html
新湖中宝股份有限公司,91330000142941287T,https://www.qichacha.com/firm_75c33d07024d76366dbdf7707f6cab1d.html
深圳市海王生物工程股份有限公司,91440300192444086R,https://www.qichacha.com/firm_be57d048b55a8a808d40956f9dabd10c.html
河南豫光金铅股份有限公司,9141000071917196XY,https://www.qichacha.com/firm_0a2751a932864d9a09f69c56c29a1123.html
中粮屯河糖业股份有限公司,916500002992011646,https://www.qichacha.com/firm_999b56a393c022e8475229c82d0aeaf2.html
中国生物制药有限公司,,
华新水泥股份有限公司,914200007068068827,https://www.qichacha.com/firm_065bfdf057ae8e37cf3c1daac1050a0c.html
苏州胜利精密制造科技股份有限公司,91320500756428744L,https://www.qichacha.com/firm_b508b221009b77c0c0616ff71ef02539.html
供销大集集团股份有限公司,91610102220603356T,https://www.qichacha.com/firm_3e0e4fbbfacc8a51f88e1b3d1152e0d8.html
中茵股份有限公司,,
安踏体育用品有限公司,,
浙江大华技术股份有限公司,91330000727215176K,https://www.qichacha.com/firm_19bd072298ebda2cfa3fd44589eaadd4.html
珠海华发实业股份有限公司,9144040019256618XC,https://www.qichacha.com/firm_c9d9765e48fead34f13d46a26c61e27b.html
中国银河证券股份有限公司,91110000710934537G,https://www.qichacha.com/firm_80db87a2dfca5cb150ef43af3dddc2e5.html
山东南山铝业股份有限公司,913700007058303114,https://www.qichacha.com/firm_2cd0a4212a30d2d640ee9702afe29430.html
北大资源(控股)有限公司,9111010859069147XN,https://www.qichacha.com/firm_48cf2259982935985258e23ab3472529.html
长春欧亚集团股份有限公司,9122010112403662XM,https://www.qichacha.com/firm_27ed9f1d4e5a3d8dad92ec6390c2d95d.html
中远海运能源运输股份有限公司,91310000132212734C,https://www.qichacha.com/firm_3aa9b58e962983899d43c6fd3f50426c.html
天地科技股份有限公司,911100007109261826,https://www.qichacha.com/firm_cc09f7019ffce0339635ae5ca5bfa958.html
银座集团股份有限公司,913700002671701644,https://www.qichacha.com/firm_f733e5d5b85540a5d85caca507b2f745.html
大连港股份有限公司,91210200782451606Q,https://www.qichacha.com/firm_557ebdd63140a6019612fc3f4a24174e.html
上海陆家嘴金融贸易区开发股份有限公司,91310000132214887Y,https://www.qichacha.com/firm_62fed37c76edb1086a2c24cb6afeb8eb.html
中文天地出版传媒股份有限公司,91361100705758356U,https://www.qichacha.com/firm_1df8457e99cc96bcf7ab3bbf45f82441.html
国信证券股份有限公司,914403001922784445,https://www.qichacha.com/firm_41a25d4bf25841d7e87c954444424074.html
盛屯矿业集团股份有限公司,9135020015499727X1,https://www.qichacha.com/firm_99a71e18f511be54509e74729efe806b.html
株洲冶炼集团股份有限公司,91430200616777117P,https://www.qichacha.com/firm_9d5a47690bc894fb4981843c45b6e93b.html
浪潮电子信息产业股份有限公司,91370000706266601D,https://www.qichacha.com/firm_1214fd1d0fabe600488c327a8a593ce1.html
中航直升机股份有限公司,912301997028500774,https://www.qichacha.com/firm_150a7163f4261aaa2c7b6ec77e4e4f4f.html
宁波华翔电子股份有限公司,91330200610258383W,https://www.qichacha.com/firm_c8d11fe0942c05e48d38862c4566d797.html
宜宾天原集团股份有限公司,9151150020885067X6,https://www.qichacha.com/firm_357a1bb54f9e5ee15bf0b74b6dc01cd0.html
中骏置业控股有限公司,,
佛山市海天调味食品股份有限公司,91440600722448755D,https://www.qichacha.com/firm_9990e0a3cb50c08a9d8962808e06fa12.html
北京华联综合超市股份有限公司,911100001011857375,https://www.qichacha.com/firm_e4a964d42061730144f249766b5e2e8c.html
浙江龙盛集团股份有限公司,91330000704202137E,https://www.qichacha.com/firm_27bee7878a9a1b42a5fbd6aa22947197.html
唐山冀东水泥股份有限公司,91130200104364503X,https://www.qichacha.com/firm_26f32964f1a49ee10aff6bd74636ad77.html
人福医药集团股份公司,914201003000148505,https://www.qichacha.com/firm_d98d728723d6fa1871b781383b48ff51.html
山东步长制药股份有限公司,91370000728611939A,https://www.qichacha.com/firm_641533b9c3883daebd1d9073bac83697.html
北京蓝色光标品牌管理顾问股份有限公司,91110000744727456H,https://www.qichacha.com/firm_2a41d82ca926ddebed2bfb32e92edd23.html
远东智慧能源股份有限公司,91630000226589778U,https://www.qichacha.com/firm_cea422f35ab36e17d6cdad18f5bb87e8.html
安徽山鹰纸业股份有限公司,,
北京同仁堂股份有限公司,911100006336462669,https://www.qichacha.com/firm_fa6ec0ec24ae4c9e1e09a9ebc1e090e1.html
广东江粉磁材股份有限公司,91440700193957385W,https://www.qichacha.com/firm_63dbbc962931e1dd9f2b529492cabf77.html
协鑫集成科技股份有限公司,91310000751873021H,https://www.qichacha.com/firm_bcaa8101139f2dd700edc58170462a26.html
长春一汽富维汽车零部件股份有限公司,91220101606092819L,https://www.qichacha.com/firm_dcd0f84e389038f8a126001e4a91b1d3.html
海洋石油工程股份有限公司,91120116722950227Y,https://www.qichacha.com/firm_adc5bcb912e9d2dd08dbe483a73f9d37.html
北京京客隆商业集团股份有限公司,91110000101782670P,https://www.qichacha.com/firm_18eecd9b4e3d310d966d20a365e84a21.html
辽宁禾丰牧业股份有限公司,9121000074712989XU,https://www.qichacha.com/firm_cd3619d44ecbd850c0bbaf62871c6804.html
合力泰科技股份有限公司,913703007498811104,https://www.qichacha.com/firm_a9933a8bd53577ff19ce98936e8d6800.html#base
中国奥园地产集团股份有限公司,,
航天通信控股集团股份有限公司,913300001429112055,https://www.qichacha.com/firm_221bb7c56fcd6314b69df3fb89c840e2.html
天津银行股份有限公司,911200001030702984,https://www.qichacha.com/firm_cdbd90bcd5c327f2def97d4ba8d16737.html
阜丰集团有限公司,,
开滦能源化工股份有限公司,91130200730266302W,https://www.qichacha.com/firm_f8f341f4d3933a255c48b24955f74e36.html
招商证券股份有限公司,91440300192238549B,https://www.qichacha.com/firm_4dbdff7d65e6cc2c5c09b59cff02aaa2.html
五矿资本股份有限公司,91430000712194499R,https://www.qichacha.com/firm_d246b6ebe63fdd86a7d6f2e462ca1ea6.html
北京城建投资发展股份有限公司,91110000633715698D,https://www.qichacha.com/firm_aa48680d4430bef150ef6d761005555d.html
北京燕京啤酒股份有限公司,91110000633646901B,https://www.qichacha.com/firm_34d36391827ed4046e9b0ece6ffd7fa7.html
航天时代电子技术股份有限公司,91420100177716821Q,https://www.qichacha.com/firm_2d1c6128dc7a711f92beaeec2ca2aea3.html
隆基绿能科技股份有限公司,916101167101813521,https://www.qichacha.com/firm_22560db7c8d482cdbe853d5f4fd7a259.html
中建西部建设股份有限公司,916500007318073269,https://www.qichacha.com/firm_4c3cb10f1e352ae96cf53a022f06fe81.html
安徽水利开发股份有限公司,91340300711790416H,https://www.qichacha.com/firm_28d983d839195a1009d3294f3c807edd.html
国电南瑞科技股份有限公司,91320191726079387X,https://www.qichacha.com/firm_40ab25e78202a555ca3c2828926127be.html
融信中国控股有限公司,,
亨得利控股有限公司,,
